Category;Site;A;Currency Site;Email of Company
Antenna-ANT;AC01/Offic1805_02-AC01/Offic1805_02;COD0171ANTeACTrON-;EURO/EUR;
Antenna-ANT;AC01/Offic1805_02-AC01/Offic1805_02;COD0173ANTeACTrON-;EURO/EUR;
Antenna-ANT;AC01/Offic2-AC01/Offic2;TestAntenna001-;DOLAR/$;
Antenna-ANT;AD02/Offic1905_01-AD02/Offic1905_01;COD0223ANNaADTrON-;EURO/EUR;
Antenna-ANT;CG57/22ON-CG57/22ON;AntCG57/22ON002-;EURO/EUR;
Antenna-ANT;CG57/22ON-CG57/22ON;AntCG57/22ON003-;EURO/EUR;
Antenna-ANT;CG57/22ON-CG57/22ON;AntCG57/22ON004-;EURO/EUR;
Antenna-ANT;CG57/22ON-CG57/22ON;AntCG57/22ON005-;EURO/EUR;
Antenna-ANT;CG57/22ON-CG57/22ON;AntCG57/22ON006-;EURO/EUR;
Antenna-ANT;CG57/22ON-CG57/22ON;AntCG57/22ON007-;EURO/EUR;
Antenna-ANT;CG57/22ON-CG57/22ON;AntCG57/22ON008-;EURO/EUR;
Antenna-ANT;CG57/22ON-CG57/22ON;AntCG57/22ON009-;EURO/EUR;
Antenna-ANT;CG57/22ON-CG57/22ON;AntCG57/22ON010-;EURO/EUR;
Antenna-ANT;CG57/22ON-CG57/22ON;AntCG57/22ON011-;EURO/EUR;
Antenna-ANT;CG57/22ON-CG57/22ON;AntCG57/22ON102-;EURO/EUR;
Antenna-ANT;CG57/22ON-CG57/22ON;AntCG57/22ON103-;EURO/EUR;
Antenna-ANT;CG57/22ON-CG57/22ON;AntCG57/22ON104-;EURO/EUR;
Antenna-ANT;CG57/22ON-CG57/22ON;AntCG57/22ON105-;EURO/EUR;
Antenna-ANT;CG57/22ON-CG57/22ON;AntCG57/22ON106-;EURO/EUR;
Antenna-ANT;CG57/22ON-CG57/22ON;AntCG57/22ON107-;EURO/EUR;
Antenna-ANT;CG57/22ON-CG57/22ON;AntCG57/22ON108-;EURO/EUR;
Antenna-ANT;CG57/22ON-CG57/22ON;AntCG57/22ON109-;EURO/EUR;
Antenna-ANT;CG57/22ON-CG57/22ON;AntCG57/22ON110-;EURO/EUR;
Antenna-ANT;CG57/22ON-CG57/22ON;AntCG57/22ON111-;EURO/EUR;
Antenna-ANT;SITE/00004-SITE/00004;TestAnt/TestNuevaCarga010001-;EURO/EUR;
Antenna-ANT;TestNuevaCarga010-TestNuevaCarga010;TestAnt/TestNuevaCarga010002-;EURO/EUR;
Antenna-ANT;SITE/00010-SITE/00010;TestAnt/TestNuevaCarga010003-;EURO/EUR;
Antenna-ANT;SITE/00009-SITE/00009;TestAnt/TestNuevaCarga010004-;EURO/EUR;
Antenna-ANT;DP92-56ONaaaaa-DP92-56ONaaaaa;COD0237ANDPDPATON-;EURO/EUR;
Antenna-ANT;DP92-56ONaaaaa-DP92-56ONaaaaa;COD0238ANDPDPATON-;EURO/EUR;
Antenna-ANT;EO100-81ONaaaaa-EO100-81ONaaaaa;EO100-81ONaaaaa-ANT-0250-;EURO/EUR;
Antenna-ANT;EO100-81ONaaaaa-EO100-81ONaaaaa;EO100-81ONaaaaa-ANT-0251-;EURO/EUR;
Antenna-ANT;LSTSIT 0104-LSTSIT 0104;EC_1609-;EURO/EUR;
Antenna-ANT;LSTSIT 0102-LSTSIT 0102;LSTSIT 0102-ANT-0253-;EURO/EUR;
Antenna-ANT;EP100-82ONaaaaa-EP100-82ONaaaaa;EP100-82ONaaaaa-ANT-0255-;EURO/EUR;
Antenna-ANT;EP100-82ONaaaaa-EP100-82ONaaaaa;TestFormatoFecha-;EURO/EUR;
Antenna-ANT;EV101-88Offi-EV101-88Offi;EV101-88Offi-ANT-0266-;EURO/EUR;
Antenna-ANT;MA_FA106-93Offi-MA_FA106-93Offi;FA106-93Offi-ANT-0273-;DOLAR/$;
Antenna-ANT;EZ105-92Offi-EZ105-92Offi;EZ105-92Offi-ANT-0276-;DOLAR/$;
Antenna-ANT;LSTSIT 0104-LSTSIT 0104;LSTSIT 0104-ANT-0277-;EURO/EUR;
Antenna-ANT;LSTSIT 0104-LSTSIT 0104;LSTSIT 0104-ANT-0278-;EURO/EUR;
Antenna-ANT;LSTSIT 0104-LSTSIT 0104;LSTSIT 0104-ANT-0279-;EURO/EUR;
Antenna-ANT;LSTSIT 0104-LSTSIT 0104;LSTSIT 0104-ANT-0280-;EURO/EUR;
Antenna-ANT;TSTFGP20210914-2-TSTFGP20210914-2;MA_TSTFGP20210914-2-ANT-0285-;DOLAR/$;
Antenna-ANT;MA_FB107-94Offi-MA_FB107-94Offi;MA_FB107-94Offi-ANT-0287-;EURO/EUR;
Antenna-ANT;SITE 0030006-SITE 0030006;MA_SITE 0030006-ANT-0288-;EURO/EUR;
Antenna-ANT;SITE 0030006-SITE 0030006;MA_SITE 0030006-ANT-0289-;EURO/EUR;
Antenna-ANT;SITE/00004-SITE/00004;TSTFGP20210914-ANT-0298-;EURO/EUR;
Antenna-ANT;TSTFGP20210914-TSTFGP20210914;TSTFGP20210914-ANT-0299-;EURO/EUR;
Antenna-ANT;TSTFGP20210914-TSTFGP20210914;TSTFGP20210914-ANT-0300-;EURO/EUR;
Antenna-ANT;TSTFGP20210914-TSTFGP20210914;TSTFGP20210914-ANT-0301-;EURO/EUR;
Antenna-ANT;TSTFGP20210914-2-TSTFGP20210914-2;TestErrorFormatoFecha0002-;DOLAR/$;
Antenna-ANT;TSTFGP20210914-2-TSTFGP20210914-2;TestErrorFormatoFecha0004-;DOLAR/$;
Antenna-ANT;TSTFGP20210914-2-TSTFGP20210914-2;TestErrorFormatoFecha0006-;DOLAR/$;
Antenna-ANT;TSTFGP20210914-2-TSTFGP20210914-2;TestErrorFormatoFecha1002-;DOLAR/$;
Antenna-ANT;TSTFGP20210914-2-TSTFGP20210914-2;TestErrorFormatoFecha1004-;DOLAR/$;
Antenna-ANT;TSTFGP20210914-2-TSTFGP20210914-2;TestErrorFormatoFecha1006-;DOLAR/$;
Antenna-ANT;TSTFGP20210914-2-TSTFGP20210914-2;TSTFGP20210914-2-ANT-0306-;DOLAR/$;
Antenna-ANT;117FL-15Gree00004-117FL-15Gree00004;117FL-15Gree00004-ANT-0313-;EURO/EUR;
Antenna-ANT;TestNuevaCarga006-TestNuevaCarga006;TestNuevaCarga006-ANT-0318-;EURO/EUR;
Antenna-ANT;TestNuevaCarga006-TestNuevaCarga006;TestNuevaCarga006-ANT-0319-;EURO/EUR;
Antenna-ANT;TestNuevaCarga006-TestNuevaCarga006;TestNuevaCarga006-ANT-0320-;EURO/EUR;
Antenna-ANT;TestNuevaCarga006-TestNuevaCarga006;TestNuevaCarga006-ANT-0321-;EURO/EUR;
Antenna-ANT;TestNuevaCarga006-TestNuevaCarga006;TestNuevaCarga006-ANT-0322-;EURO/EUR;
Antenna-ANT;TestNuevaCarga006-TestNuevaCarga006;TestNuevaCarga006-ANT-0323-;EURO/EUR;
Antenna-ANT;TestNuevaCarga006-TestNuevaCarga006;TestNuevaCarga006-ANT-0324-;EURO/EUR;
Antenna-ANT;TestNuevaCarga006-TestNuevaCarga006;TestNuevaCarga006-ANT-0325-;EURO/EUR;
Antenna-ANT;TestNuevaCarga006-TestNuevaCarga006;TestNuevaCarga006-ANT-0332-;EURO/EUR;
Antenna-ANT;TestNuevaCarga006-TestNuevaCarga006;TestNuevaCarga006-ANT-0333-;EURO/EUR;
Antenna-ANT;TSTFGP20210914-2-TSTFGP20210914-2;Test_Antena_001-;DOLAR/$;
Antenna-ANT;TSTFGP20210914-TSTFGP20210914;TSTFGP20210914-Antenna-0337-;EURO/EUR;
Antenna-ANT;SITE/00009-SITE/00009;TestNuevaCarga010-T-0364-;EURO/EUR;
Antenna-ANT;SITE/00009-SITE/00009;TestNuevaCarga010-T-0384O-;EURO/EUR;
Antenna-ANT;TestNuevaCarga010-TestNuevaCarga010;TestNuevaCarga010-T-0385O-;EURO/EUR;
Antenna-ANT;135GD-33Gree00022-135GD-33Gree00022;135GD-33Gree00022-;DOLAR/$;
Antenna-ANT;135GD-33Gree00022-135GD-33Gree00022;Antena_111121_01-;DOLAR/$;
Antenna-ANT;135GD-33Gree00022-135GD-33Gree00022;135GD-33Gree00023-;DOLAR/$;
Antenna-ANT;135GD-33Gree00022-135GD-33Gree00022;Antena_111121_03-;DOLAR/$;
Antenna-ANT;135GD-33Gree00022-135GD-33Gree00022;Antena_111121_05-;DOLAR/$;
Antenna-ANT;SITE/00004-SITE/00004;Antenna00000000-;EURO/EUR;
Antenna-ANT;TSTFGP20210914-TSTFGP20210914;Antenna00000001-;EURO/EUR;
Antenna-ANT;TSTFGP20210914-TSTFGP20210914;Antenna00000002-;EURO/EUR;
Antenna-ANT;TSTFGP20210914-TSTFGP20210914;Antenna00000003-;EURO/EUR;